WKT,id,descrição
"POLYGON ((-38.9921765 -12.1917006, -38.9920907 -12.3077856, -38.8939004 -12.3077857, -38.8937288 -12.191365, -38.9921765 -12.1917006))",Feira de Santana,
"POINT (-38.9709929 -12.20018)",1,
"POINT (-38.9577131 -12.2876848)",2,
"POINT (-38.9729139 -12.2452611)",3,
"POINT (-38.9591143 -12.2596171)",4,
"POINT (-38.9358211 -12.2720688)",5,
